<?xml version="1.0" encoding="ISO-8859-1" ?>

<!DOCTYPE struts-config PUBLIC
	"-//Apache Software Foundation//DTD Struts Configuration 1.1//EN"
	"http://jakarta.apache.org/struts/dtds/struts-config_1_1.dtd">

<struts-config>
	<!-- Data Sources -->
	<data-sources></data-sources>

	<!-- Form Beans -->
	<form-beans>
		<form-bean name="loginForm" type="com.dropshipping.login.LoginForm"></form-bean>
		<form-bean name="registrationForm" type="com.dropshipping.login.RegistrationForm"></form-bean>
		<form-bean name="myaccountForm" type="com.dropshipping.myaccount.MyAccountForm"></form-bean>
		<form-bean name="productForm" type="com.dropshipping.products.ProductForm"></form-bean>		
	</form-beans>	
	
	<!-- Action Mappings -->
	
	<action-mappings>		
		<action path="/login" type="com.dropshipping.login.LoginAction" name="loginForm" 
			input="/index.jsp" validate="false" scope="session" >
			<forward name="success" path="/index.jsp" />
			<forward name="successUser" path="/app/user/admincustomer.jsp" />
			<forward name="home" path="/app/header/home.jsp" />
		</action>
		
		<action path="/product" type="com.dropshipping.products.ProductAction" name="productForm" 
			input="/app/product/product.jsp" validate="false" scope="session" >
			<forward name="success" path="/app/product/product.jsp" />
			<forward name="manageProducts" path="/app/product/manageproducts.jsp" />
			<forward name="manageMyProducts" path="/app/product/myproducts.jsp" />
			<forward name="manageBuyProducts" path="/app/product/buyproduct.jsp" />
		</action>
		
		<action path="/register" type="com.dropshipping.login.RegistrationAction" name="registrationForm" 
			input="/app/register/register.jsp" validate="false" scope="session" >
			<forward name="success" path="/app/register/register.jsp" />
		</action>
		
		<action path="/logout" type="com.dropshipping.login.LogoutAction" />
		
	</action-mappings>
	
	<!-- ========== Message Resources Definitions ===========================-->
		<message-resources parameter="com.dropshipping.properties.ApplicationResources"/>
	<!-- ========== Plug Ins Configuration ==================================-->
	
</struts-config>
