<?xml version="1.0" encoding="ISO-8859-1" ?>

<!DOCTYPE struts-config PUBLIC
	"-//Apache Software Foundation//DTD Struts Configuration 1.1//EN"
	"http://jakarta.apache.org/struts/dtds/struts-config_1_1.dtd">

<struts-config>
	<!-- Data Sources -->
	<data-sources></data-sources>

	<!-- Form Beans -->
	<form-beans>
		<form-bean name="loginForm" type="com.dropshipping.login.LoginForm"></form-bean>
		<form-bean name="registrationForm" type="com.dropshipping.login.RegistrationForm"></form-bean>
		<form-bean name="myaccountForm" type="com.dropshipping.myaccount.MyAccountForm"></form-bean>
		<form-bean name="forgotForm" type="com.dropshipping.login.ForgotPasswordActionForm"></form-bean>
		<form-bean name="productForm" type="com.dropshipping.products.ProductForm"></form-bean>	
		<form-bean name="categoryForm" type="com.dropshipping.products.CategoryForm"></form-bean>
		<form-bean name="searchForm" type="com.dropshipping.products.SearchForm"></form-bean>	
		<form-bean name="userForm" type="com.dropshipping.userActions.UserForm"></form-bean>
		<form-bean name="cartForm" type="com.dropshipping.cart.CartForm"></form-bean>
		<form-bean name="ordersViewForm" type="com.dropshipping.cart.OrdersViewForm"></form-bean>	
	</form-beans>	
	
	<!-- Action Mappings -->
	
	<action-mappings>		
		<action path="/login" type="com.dropshipping.login.LoginAction" name="loginForm" 
			input="/index.jsp" validate="false" scope="session" >
			<forward name="success" path="/index.jsp" />
			<forward name="successUser" path="/app/user/admincustomer.jsp" />
			<forward name="home" path="/app/header/home.jsp" />
			<forward name="aboutus" path="/app/register/aboutus.jsp" />
			<forward name="support" path="/app/register/support.jsp" />
		</action>
		
		<action path="/search" type="com.dropshipping.products.SearchAction" name="searchForm" 
			scope="session" validate="false" >
			<forward name="success" path="/app/product/products.jsp" />	
			<forward name="successProductDetail" path="/app/product/productdetals.jsp" />
			<forward name="reviewProduct" path="/app/product/review.jsp" />		
		</action>
		
		<action path="/cart" type="com.dropshipping.cart.CartAction" name="cartForm" 
			scope="session" validate="false" >
			<forward name="success" path="/app/cart/cart.jsp" />	
			<forward name="shipping" path="/app/cart/cartshipping.jsp" />
			<forward name="shippingMethod" path="/app/cart/cartshippingmethod.jsp" />
			<forward name="paymentMethod" path="/app/cart/cartpaymentmethods.jsp" />
			<forward name="reviewOrder" path="/app/cart/cartreview.jsp" />
			<forward name="confirmOrder" path="/app/cart/cartconfirmation.jsp" />
			<forward name="home" path="/app/user/admincustomer.jsp" />
			<forward name="guest" path="/app/cart/guest.jsp" />		
		</action>
		
		<action path="/ordersview" type="com.dropshipping.cart.OrdersViewAction" name="ordersViewForm" 
			scope="session" validate="false" >
			<forward name="success" path="/app/cart/viewOrders.jsp" />
			<forward name="viewOrderDetails" path="/app/cart/viewOrderDetails.jsp" />
			<forward name="viewOrderAsnAckDetails" path="/app/cart/viewasnackdetails.jsp" />
			<forward name="ordersAsnAck" path="/app/cart/viewasnack.jsp" />
			<forward name="returns" path="/app/cart/returnsandrefunds.jsp" />
		</action>
		
		<action path="/category" type="com.dropshipping.products.CategoryAction" name="categoryForm" 
			input="/app/product/category.jsp" validate="false" scope="session" >
			<forward name="success" path="/app/product/category.jsp" />
			<forward name="manageCategory" path="/app/product/managecategory.jsp" />			
		</action>
		
		<action path="/users" type="com.dropshipping.userActions.UserAction" name="userForm" 
			input="/app/register/register.jsp" validate="false" scope="session" >
			<forward name="success" path="/app/register/addUser.jsp" />
			<forward name="manageUsers" path="/app/register/manageusers.jsp" />	
			<forward name="saveUpdate" path="/login.do?action=myAccount" />		
		</action>
		
		<action path="/product" type="com.dropshipping.products.ProductAction" name="productForm" 
			input="/app/product/product.jsp" validate="false" scope="session" >
			<forward name="success" path="/app/product/product.jsp" />
			<forward name="manageProducts" path="/app/product/manageproducts.jsp" />
		</action>
		
		<action path="/register" type="com.dropshipping.login.RegistrationAction" name="registrationForm" 
			input="/app/register/register.jsp" validate="false" scope="session" >
			<forward name="success" path="/app/register/register.jsp" />
		</action>
		
		<action path="/forgot" type="com.dropshipping.login.ForgotPasswordAction" name="forgotForm" 
			input="/app/register/forgotpassword.jsp" validate="false" scope="session" >
			<forward name="forgot" path="/app/register/forgotpassword.jsp" />
		</action>
		
		<action path="/logout" type="com.dropshipping.login.LogoutAction" />
		
	</action-mappings>
	
	<!-- ========== Message Resources Definitions ===========================-->
		<message-resources parameter="com.dropshipping.properties.ApplicationResources"/>
	<!-- ========== Plug Ins Configuration ==================================-->
	
</struts-config>
